Scheduler,File,AvgChunks,AvgDelay(ms),AvgGoodput(KB/s),AvgDownloadTime(s)
default,64MB.file,66053.0,299.008098644555,4638.600881854464,14.246381402015686
roundrobin,64MB.file,66053.0,259.7005608105171,6534.135488182854,10.108935236930847
redundant,64MB.file,66053.0,968.6998995117849,1772.9340853200833,37.257925152778625
blest,64MB.file,66053.0,282.8149261812892,4719.172083724674,14.010984659194946
ecf,64MB.file,66053.0,277.95375826797243,5292.8200689856185,12.488637804985046
