Scheduler,File,AvgChunks,AvgDelay(ms),AvgGoodput(KB/s),AvgDownloadTime(s)
default,8mb.dat,8257.0,1308.8475371007698,2480.575637249482,3.3287180423736573
roundrobin,8mb.dat,8257.0,1504.2352984687009,2424.134547605908,3.4062002658843995
blest,8mb.dat,8257.0,1513.0156900802738,2267.633436792258,3.6683963775634765
ecf,8mb.dat,8257.0,1314.9040828623752,2481.408129007763,3.3276466846466066
